id,과목,단계,주제,제목,문법,부가문법,듣기,말하기,읽기,쓰기,어휘,related_keywords
177,세종한국어1A,초급1,자기소개,안녕하세요? 저는 안나예요,이에요/예요,은/는,,인사하기,,자기소개 쓰기,나라와 직업,"나라, 직업, 한국, 사람, 캐나다, 베트남, 미국, 프랑스, 태국, 인도네시아, 중국, 일본, 러시아, 케냐, 회사원, 대학생, 의사, 경찰, 선생님, 가수, 요리사, 네, 아니요, 나, 모자, 책, 공책, 한복, 커피, 언니, 동생, 누구, 친구, 씨, 제, 아버지, 어머니, 이름, 학생, 자기소개"
178,세종한국어1A,초급1,자기소개,전화번호가 뭐예요?,이/가; 이/가 아니에요,,연음,전화번호 말하기,,친구 전화번호 및 이메일 주소 쓰기,한자어 수,"한자어, 수, 영/공, 일, 이, 삼, 사, 오, 육, 칠, 팔, 구, 십, 십일, 십이, 십삼, 십사, 십오, 십육, 십칠, 십팔, 십구, 이십, 삼십, 사십, 오십, 육십, 칠십, 팔십, 구십, 백, 층, 월, 쪽, 번, 호, 원, 몇, 얼마, 전화번호, 카페, 식당, 영화관, 노래방, PC방, 지하, 형, 교실, 물, 주스,컴퓨터, 텔레비전, 남자, 의자, 맞다, 두, 무슨, 세종학당, 이메일, 주소"
179,세종한국어1A,초급1,사물과 동작,제 가방은 책상 옆에 있어요,에 있다/없다,,연음,물건 이름과 위치 말하기,,화면에 있는 물건의 위치 쓰기,물건,"물건, 책상, 가방, 필통, 시계, 앞, 뒤, 위, 아래/밑, 옆, 오른쪽, 왼쪽, 사이, 집, 안, 밖, 어디, 핸드폰, 학교, 칠판, 피아노, 그럼, 펜, 우산, 방, 무엇, 침대"
180,세종한국어1A,초급1,사물과 동작,한국어를 공부해요,"~아요/어요 (서술, 의문)",을/를,,동작 말하기,,오늘 하는 일 쓰기,기본 동사,"먹다, 읽다, 보다, 마시다, 듣다, 만나다, 자다, 일하다, 요리하다, 공부하다, 영화, 한국어, 오늘, 불고기, 정말, 맛있다, 지금, 피자, 좋아하다, 꽃, 고양이, 음악, 게임, 쇼핑, 김치, 옷, 사다, 공원, 운동하다"
181,세종한국어1A,초급1,물건 사기,빵하고 우유를 사요,에 가다,하고,,쇼핑 장소와 물건 말하기,,백화점에서 사는 물건 쓰기,장소와 식품,"장소, 식품, 회사, 마트, 빵, 라면, 과일, 차, 우유, 과자, 아이스크림, 여기, 백화점, 구두, 누가, 사과, 포도, 케이크, 김밥, 신발, 영어, 화장품"
182,세종한국어1A,초급1,물건 사기,사과 다섯 개 주세요,-(으)세요,,평파음운화,물건 개수와 가격 말하기,,편의점에서 사는 물건 쓰기,고유어 수; 단위 명사,"고유어, 하나/한, 둘/두, 셋/세, 넷/네, 다섯, 여섯, 일곱, 여덟, 아홉, 열, 열하나/열한, 열둘/열두, 스물/스무, 서른, 마흔, 쉰, 예순, 일흔, 여든, 아흔, 박, 개, 공, 지우개, 계란, 명, 마리, 잔, 병, 권, 장, 살, 창문, 앉다, 고맙다, 주다, 쓰다, 대답하다, 펴다, 내일, 일찍, 오다, 버스, 타다, 가게, 어서, 모두, 바나나, 편의점, 칫솔, 그리고"
183,세종한국어1A,초급1,시간과 날씨,일곱 시에 시작해요,에,○시○분,,날짜와 시간 말하기,,일기 쓰기,날짜와 요일,"날짜, 요일, 달력, 일월, 이월, 삼월, 사월, 오월, 유월, 칠월, 팔월, 구월, 시월, 십일월, 십이월, 일요일, 월요일, 화요일, 수요일, 목요일, 금요일, 토요일, 일일, 이일, 삼일, 사일, 오일, 육일, 칠일, 팔일, 구일, 십일, 십일일, 십이일, 십삼일, 십사일, 십오일, 십육일, 십칠일, 십팔일, 십구일, 이십일, 이십이일, 이십삼일, 이십사일, 이십오일, 이십육일, 이십칠일, 이십팔일, 이십구일, 삼십일일, 생일, 언제, 주말, 수업, 여행, 며칠, 사진, 찍다, 배우다, 도서관, 아르바이트, 수영, 점심, 식사, 회의, 저녁, 오후, 드라마, 시작하다, 아침, 하루, 매일, 다니다, 일어나다, 파티, 학교, 밥, 같이"
184,세종한국어1A,초급1,시간과 날씨,날씨가 더워요?,만,ㅂ 불규칙,,날씨와 계절 말하기,,고향 날씨에 대해 쓰기,날씨와 계절,"날씨, 계절, 맑다, 흐리다, 바람, 불다, 비, 눈, 따뜻하다, 덥다, 시원하다, 쌀쌀하다, 춥다, 사계절, 봄, 여름, 가을, 겨울, 이번, 어떻다, 서울, 좋다, 바쁘다, 딸기, 무겁다, 가볍다, 요즘, 쉽다, 어렵다, 그런데, 맵다, 아주, 고향, 부산, 잘, 지내다, 자주, 거기, 많이, 도시, 하노이, 시드니, 모스크바, 자카르타, 제주도, 바다, 한라산, 단품, 예쁘다, 그렇지만, 아름답다"
185,세종한국어1A,초급1,주말 활동,공원에서 산책했어요,에서,-았/었-,,주말에 한 일 말하기,,주말에 한 일 쓰기,주말 활동,"활동, 미용실, 놀이공원, 박물관, 수영장, 산책하다, 구경하다, 자전거, 청소하다, 어제, 쉬다, 만들다, 재미있다, 우리, 놀다, 기분"
186,세종한국어1A,초급1,주말 활동,우리 같이 놀이공원에 갈까요?,-고 싶다; -(으)ㄹ까요? (제안),ㅎ 탈락,,약속 제안하기,,친구에게 보내는 메시지 쓰기,약속,"약속, 시간, 특별하다, 일, 다르다, 콘서트, 축구, 경기, 농구, 음료수, 등산, 하다, 반, 한강, 음식, 운동화, 방학, 비빔밥, 낚시, 태권도, 다(모두), 걷다, 쇼핑몰, 내용, 메모, 주(week), 다음, 케이팝(K-POP)"
187,세종한국어1B,초급1,좋아하는 것,무슨 음식을 좋아해요?,무슨,못,,좋아하는 음식 말하기,,좋아하는 음식 쓰기,음식,"음식, 김치찌개, 된장찌개, 냉면, 볶음밥, 잡채, 떡볶이, 주문하다, 선물, 받다, 가장, 동물, 테니스, 미안하다, 혼자, 치다, 운전, 고기, 햄버거, 생선, 초밥, 나, 것, 일주일, 조금, 하지만, 왜, 맛, 얼마나"
188,세종한국어1B,초급1,좋아하는 것,도서관에 책을 빌리러 가요,-(으)러 가다,,격음화,취미 소개하기,,취미 쓰기,취미 활동,"취미, 그림, 그리다, 노래, 기타, 신문, 빌리다, 헬스클럽, 은행, 돈을 찾다, 사무실, 옷장, 보통, 독서, 그래서, 특히, 년, 전, 근처"
189,세종한국어1B,초급1,쇼핑,백화점에서 쇼핑할 거예요,~아서/어서 (이유),-(으)ㄹ 거예요,,쇼핑 계획 말하기,,쇼핑 계획 쓰기,옷차림,"옷차림, 티셔츠, 청바지, 치마, 정장, 운동복, 매다, 입다, 쓰다, 신다, 바지, 기차역, 결혼식, 아직, 이따가, 계획, 이유, 떡, 채소, 너무, 인터넷, 싸다"
190,세종한국어1B,초급1,쇼핑,더 큰 사이즈는 없어요?,-(으)ㄴ (형용사),,비음화,원하는 물건 말하기,,자주 가는 쇼핑 장소 쓰기,기본 형용사,"크다, 작다, 넓다, 좁다, 높다, 낮다, 길다, 짧다, 비싸다, 싸다, 편하다, 불편하다, 수박, 머리, 찾다, 귀엽다, 사이즈, 죄송하다, 잠시, 기다리다, 보이다, 가격"
191,세종한국어1B,초급1,교통과 이동,세종식당이 어디에 있어요?,의문사,(으)로 (방향),,길 안내하기,,길 안내 글 쓰기,방향과 이동,"방향, 이동, 올라가다, 내려가다, 나가다, 들어가다, 똑바로, 돌아가다, 건너가다, 주차장, 건물, 화장실, 무섭다, 스페인어, 걸리다, 좀, 병원, 알다, 그러면, 빵집, 길, 약국, 지도"
192,세종한국어1B,초급1,교통과 이동,한국미술관까지 어떻게 가요?,에서 까지,~아요/어요 (청유),,이동 방법 말하기,,자주 이용하는 교통수단 쓰기,교통수단,"교통수단, 우체국, 오토바이, 택시, 기차, 지하철, 배, 비행기, 갈아타다, 내리다, 가깝다, 멀다, 정류장, 호텔, 공항, 차, 간식, 배가 고프다, 싫어하다, 늦다, 미술관"
193,세종한국어1B,초급1,여행,제주도에 가려고 해요,-(으)려고 하다,~고,,여행 계획 말하기,,여행 계획 쓰기,여행 계획,"산, 섬, 도시, 호수, 돈, 약, 여권, 수영복, 구경, 맛집, 경주, 닭갈비, 휴가, 자르다, 불국사, 설악산, 밤, 등산화, 선글라스, 빨리, 준비하다"
194,세종한국어1B,초급1,여행,지난번 여행보다 좋았어요,-(으)ㄴ 후에,보다,,여행 경험 비교하여 말하기,,여행 경험 쓰기,여행 경험,"경험, 거리, 축제, 전통 시장, 새롭다, 공연, 삼계탕, 명동, 인사동, 멋있다, 끝나다, 이, 닦다, 설거지, 샤워하다, 더, 귤, 다녀오다, 지난번, 괜찮다, 바닷가, 푹, 유명하다, 끝, 작년, 먼저, 경복궁, 외국 사람, 다음, 날(일), 참, 다시"
195,세종한국어1B,초급1,건강,집에서 푹 쉬어야 해요,~지만,~아야/어야 되다,,증상 말하기;조언하기,,아팠던 경험 쓰기,신체와 증상,"신체, 증상, 눈, 귀, 코, 입, 목, 배, 팔, 손, 다리, 발, 감기, 걸리다, 아프다, 열이 나다, 콧물, 기침, 몸, 새, 복잡하다, 아까, 힘들다, 숙제, 단어, 외우다, 드시다, 계속, 넣다, 이제"
196,세종한국어1B,초급1,건강,학교에 가기 전에 수영을 해요,~기 전에,~아서/어서 (순차),,동작 순서 말하기,,건강한 생활 습관 쓰기,건강한 생활,"건강하다, 생활, 꼭, 웃다, 지키다, 가끔, 퇴근, 요가, 대학교, 졸업하다, 팝콘, 해외여행, 초대하다, 샐러드, 제일, 습관"
197,세종한국어1B,초급1,모임과 선물,한국 음식을 만들 수 있어요?,-(으)ㄹ 수 있다; 없다,~고 있다,,"모임 제안하기, 권유하기",,초대장 쓰기,모임 준비,"모임, 정하다, 예약하다, 연락, 스키, 전화, 다치다, 모이다, 결혼, 축하, 초대장, 함께, 부르다, 춤, 매주, 소강당, 문의"
198,세종한국어1B,초급1,모임과 선물,저는 지니 씨에게 펜을 선물할 거예요,에게; 한테,-(으)니까 (이유),,주고 싶은 선물 말하기,,축하 카드 쓰기,선물,"졸업식, 어버이날, 어린이날, 명절, 최근, 지갑, 게임기, 보내다, 누나, 편지, 카드, 메시지, 인형, 졸업, 생각, 오래되다, 고등학교, 입학식, 표, 그릇, 처음"
199,세종한국어2A,초급2,새로운 만남,저는 프로그램 만드는 일을 해요,(이)라고 하다,는 (동사 현재),,직업과 하는 일 말하기,,세종학당 소개하는 글 쓰기,직업,"교사, 프로그램, 굽다, 가르치다, 헤어 디자이너, 프로그래머, 제빵사, 가구, 잃어버리다, 반갑다, 베트남어, 휴게실, 즐겁다"
200,세종한국어2A,초급2,새로운 만남,등산을 하거나 운동 모임에 가요,"-거나, (이)나",?(으)ㄹ까요? (추측),,여가 활동 말하기,,취미가 같은 친구 찾는 글 쓰기,여가 활동,"악기, 연주하다, 소설, 만화, 배드민턴, 풍경 사진, 운동 모임, 스포츠 경기, 휴일, 돈가스, 카레, 일기 예보, 에스엔에스(SNS), 심심하다, 같다"
201,세종한국어2A,초급2,나의 일상,요즘 아침마다 회의가 있어요,마다,,"평음, 경음, 격음",약속 제안하기,,약속을 정하는 문자 쓰기,하루 일과,"출근하다, 퇴근하다, 시험공부, 동아리 활동, 데이트, 출퇴근하다, 행복하다, 끝내다, 출발하다, 평일, 문자, 발표, 직접"
202,세종한국어2A,초급2,나의 일상,청바지에다가 티셔츠를 입으려고 해요,~기로 하다,에다가,,입으려고 하는 옷차림 말하기,,특별한 날에 입는 옷차림에 대한 글 쓰기,옷차림,"장갑, 넥타이, 목도리, 스카프, 블라우스, 와이셔츠, 스웨터, 양말, 정장 바지, 반바지, 원피스, 입다, 넥타이를 하다, 운동화를 신다, 장갑을 끼다, 모자를 쓰다, 여자 친구, 시내, 고르다, 소개팅, 중요하다"
203,세종한국어2A,초급2,나의 생활 공간,거실 창문이 커서 경치를 구경하기가 좋아요,~기가 좋다,~지 않는다 / -지 못하다 (겹받침 ㄳ),,사는 곳 말하기,,살고 있는 집 소개하는 글 쓰기,집,"깨끗하다, 지저분하다, 밝다, 어둡다, 짐이 적다, 짐이 많다, 경치, 부엌, 조용하다, 냉장고, 버리다, 별로, 전혀, 이사, 도와주다, 새집, 거실, 그렇게, 블로그, 아파트"
204,세종한국어2A,초급2,나의 생활 공간,커피를 마시면서 음악을 들어요,-(으)면서 (동시),~지요?,,자주 가는 장소 말하기,,좋아하는 장소 소개하는 글 쓰기,장소와 물건,"메뉴, 벽, 포스터, 화분, 테이블, 꽃병, 쿠션, 놓여 있다, 걸려 있다, 소파, 외국어, 분위기, 오래, 여기저기"
205,세종한국어2A,초급2,건강한 생활,스트레스를 받으면 가슴이 답답해요,-(으)면,ㅅ 불규칙,,스트레스 증상 말하기,,스트레스에 대한 글 쓰기,스트레스 증상,"스트레스를 받다, 가슴이 답답하다, 머리가 복잡하다, 속이 안 좋다, 얼굴이 붓다, 눈이 붓다, 잠이 안 오다, 얼굴에 뭐가 나다, 피곤하다, 달다, 배우, 낫다, 짓다, 젖다, 울다, 강아지, 생강차, 오랜만, 이야기, 자꾸, 어젯밤, 항상"
206,세종한국어2A,초급2,건강한 생활,잠이 안 오면 가벼운 운동을 해 보세요,~는데 / -은데,~아/어 보다 (시도),,건강한 생활 습관 제안하기,,고치고 싶은 습관과 그 방법 쓰기,생활 습관,"잘 웃다, 일찍 자다, 일찍 일어나다, 골고루, 씻다, 짜증을 잘 내다, 늦게, 야식, 혹시, 추천하다, 가져오다, 안 그래도, 방법, 낮, 건강하게, 고치다, 지각, 움직이다"
207,세종한국어2A,초급2,내가 좋아하는 것,그럼 칼국수를 먹는 게 어때요?,~는 / -은 / -을 것 같다,~는 게 어때요? (경음화),,먹고 싶은 음식 말하기,,매일 먹는 음식에 관한 글 쓰기,음식과 주문,"국, 찌개, 탕, 떡국, 미역국, 순두부찌개, 갈비탕, 면, 국수, 짬뽕, 짜장면, 칼국수, 스파게티, 계산하다, 현금, 의미, 모르다, 물어보다, 시키다, 짜다, 배달, 끓이다"
208,세종한국어2A,초급2,내가 좋아하는 것,그럼 저 까만 구두는 어때요?,ㅎ 불규칙,-(으)면 좋겠다,,사고 싶은 물건 말하기,,자주 사는 물건에 관한 글 쓰기,색과 모양,"색, 모양, 하얗다, 까맣다, 파랗다, 빨갛다, 노랗다, 단순하다, 적당하다, 크기, 디자인, 장미, 길이, 에어컨, 켜다, 열다, 비슷하다, 어울리다, 종이, 연필, 볼펜, 다이어리, 문방구, 확인하다"
209,세종한국어2A,초급2,즐거운 여행,한국을 여행한 적이 있어요?,-(으)ㄴ 적이 있다,동안,,여행 계획 말하기,,여행 계획 세우기,여행 준비,"알아보다, 여행지, 숙소, 교통편, 비행기표, 기차표, 예약하다, 엔 서울 타워, 독일, 설날, 드디어, 벌써, 세우다, 인천공항, 도착하다, 홍대, 동대문시장, 청계천, 광화문, 게스트하우스, 공항버스, 춘천, 남이섬, 북촌 한옥마을, 국립중앙박물관"
210,세종한국어2A,초급2,즐거운 여행,박물관에서 도장을 만들어 봤어요,~아/어 보다 (경험),-(으)ㄴ (동사 과거),,여행 경험 말하기,,여행 경험 쓰기,여행 경험,"야경, 전통 음식, 기념품, 입에 맞다, 구경거리, 번지 점프, 친절하다, 남산, 다행, 역사, 도장, 짜오프라야강, 그동안, 신당동, 마음에 들다, 나중"
211,세종한국어2B,초급2,친구와 함께하는 시간,이번 주 금요일에 동아리 모임 할래요?,-(으)ㄹ래요?,-(으)ㄹ게요,,모임 준비 말하기,,파티에 초대하는 글 쓰기,모임 준비,"결정하다, 인기 있다, 찾아보다, 취향, 잠깐, 모으다, 연습하다, 시간을 보내다, 답장"
212,세종한국어2B,초급2,친구와 함께하는 시간,세종학당에서부터 걸어서 10분쯤 걸려요,에서부터,-(으)ㄹ (동사 미래),,이동 방법 말하기,,행사에 대해 문의하는 메일 쓰기,이동 방법,"육교, 횡단보도, 지하도, 신호등, 사거리, 앞으로 쭉 가다, 우회전하다, 좌회전하다, 걸어오다, 그냥, 멀리, 나오다, 정문, 한글날, 행사, 안내, 예정, 세종 대왕, 켈리그래피, 멋지다, 따로, 참석하다, 궁금하다"
213,세종한국어2B,초급2,나에게 특별한 것,할머니께서 직접 만드신 목걸이에요,-(으)시-,"어게만, 예게도 (경음화)",,소중한 선물 소개하기,,소중한 선물에 대한 글 쓰기,선물,"포장하다, 포장을 풀다, 꺼내다, 향수, 노트북, 목걸이, 취직하다, 수학, 할아버지, 할머니, 분, 새로, 소중하다, 생각나다, 기억에 남다"
214,세종한국어2B,초급2,나에게 특별한 것,세종학당에 오다가 중학교 때 친구를 만났어요,~다가,~아/어 주다,,기분 말하기,,특별한 경험에 대한 글 쓰기,기본,"기쁘다, 최고, 신나다, 기분이 나쁘다, 짜증이 나다, 걱정, 지루하다, 합격하다, 곳, 시끄럽다, 잠이 들다, 뉴스, 사전, 그만두다, 실패하다, 들르다, 지하철역, 꽃집, 짐, 들다, 내용, 줍다, 말리다, 중학교, 친하다, 옛날, 이기다, 지다, 사귀다"
215,세종한국어2B,초급2,지켜야 하는 예절,공연 중에 핸드폰을 사용하지 마세요,~네요,~지 말다,,공연 관람 예절 말하기,,공연장에서 지켜야 할 규칙 쓰기,공연 관람 예절,"자리, 바꾸다, 앞자리, 차다, 노래를 따라서 부르다, 떠들다, 박수를 치다, 중간, 공연장, 빈자리, 한국말, 잘생기다, 문제, 아이, 쓰레기, 주차하다, 담배, 피우다, 만지다, 안내 자료, 조심하다, 미리, 극장, 안내문, 연극, 관람, 예절, 전시, 일정, 문화 센터, 홈페이지"
216,세종한국어2B,초급2,지켜야 하는 예절,여기에서 노트북을 사용해도 돼요?,~아도/어도 되다,-(으)면 안 된다,,공공장소 규칙 말하기,,공공장소 규칙 쓰기,공공장소 규칙,"규칙, 줄을 서다, 천천히, 안전선, 넘다, 소리, 밀다, 뛰어다니다, 통화하다, 놀이 기구, 이상, 이따, 조용히, 사용하다, 뛰다, 편안하다, 빌딩, 관리실, 계단, 깨끗이, 입구, 복습"
217,세종한국어2B,초급2,다양한 성격과 특징,마리 씨한테서 그 친구 이야기를 들었어요,에게서; 한테서; 께,-(으)니까 (발견),,친구의 성격 말하기,,친한 친구 소개하는 글 쓰기,성격,"성격, 급하다, (성격이) 밝다, 착하다, 부지런하다, 게으르다, 활발하다, 빨리빨리, 여러 가지, 화를 내다, 어리다, 택배, 상자, 동네, 바뀌다, 화나다, 세일 기간, 냄새, 이미, 옆집, 서로, 아이디어, 새, 사실, 갑자기, 해"
218,세종한국어2B,초급2,다양한 성격과 특징,어렸을 때는 머리가 길었는데 지금은 짧은 머리가 편해요,~는데 / -은데,밖에,,어렸을 때와 지금의 모습을 비교하여 말하기,,어렸을 때 꿈과 현재 하는 일에 대한 글 쓰기,외모,"마르다, 날씬하다, 통통하다, 키, 보통, 초콜릿, 비타민, 남다, 관심, 그때, 모습, 하루 종일, 축구장, 축구 선수, 화가"
219,세종한국어2B,초급2,나의 희망 사항,저도 그런 사람을 만나고 싶은데요!,~기 때문에,~는데요 / -는데요,,만나고 싶은 사람 설명하기,,사귀고 싶은 친구에 대한 글 쓰기,인물의 특징,"생각이 깊다, 말이 잘 통하다, 마음이 따뜻하다, 마음이 넓다, 마음이 잘 맞다, 나오다, 고장 나다, 저희, 기숙사, 이후, 알람 시계, 하늘, 발음, 싸우다, 유학생, 말을 걸다, 이해하다"
220,세종한국어2B,초급2,나의 희망 사항,산악자전거는 조금 위험한 편이에요,-(으)ㄴ / -는 편이다,~게,,높은 도전하고 싶은 일 말하기,,올해 꼭 하고 싶은 일 쓰기,특별한 경험,"전통 놀이, 방송국, 동전, 체험하다, 방문하다, 찾아가다, 산악자전거, 연기, 새벽, 가져가다, 답답하다, 맞추다, 건강, 잊어버리다, 위험하다, 돈이 들다, 할인을 받다, 올해, 다이어트, 성공하다, 노력, 위(1위, 2위)"
221,세종한국어2B,초급2,좋은 변화,처음엔 모르는 게 많아서 답답했어,~아/어,"어는, 에서는 (억양)",,자신에게 생긴 변화 말하기,,친구들에게 마음을 표현하는 글 쓰기,변화,"부족하다, 부끄럽다, 실수하다, 넘어지다, 변하다, 알아듣다, 잘하다, 익숙해지다, 쌍둥이, 생일날, 좋아지다, 학기, 네, 천사"
222,세종한국어2B,초급2,좋은 변화,난 너처럼 카페를 하고 싶어,처럼,~게 되다,,희망 사항 말하기,,하고 싶은 일 쓰기,희망 사항,"유학하다, 대학원, 진학하다, 세계 여행, 자유롭다, 엄마, 토끼, 문화, 달라지다, 세상, 전시회, 대, 추억, 지속하다, 미래, 역시, 외롭다"
223,세종한국어3A,중급1,안부와 소식,그동안 어떻게 지냈니?,"-니?, -자",~아/어 보이다,,안부 인사 말하기,,한동안 하고 싶은 일 쓰기,안부 인사,"오랜만이다, 웬일이야, 이게 얼마 만이야, 이곳저곳 다니다, 여기저기 다니다, 이런저런 이야기를 하다, 한가하게 지내다, 정신없이 지내다, 그저 그렇게 지내다, 특별한 일 없이 지내다"
224,세종한국어3A,중급1,안부와 소식,요즘 좀 바쁘다고 해,~ㄴ다고/ㄴ다고/다고 하다,ㄴ나/(으)니까 보다,,친구의 소식 전달하기,,친구에게 메시지 쓰기,근황과 소식,"입학을 하다, 졸업을 하다, 장학금을 받다, 휴학하다, 일자리를 구하다/찾다, 회사에 지원하다, 회사에서 근무하다, 일을/업무를 맡다, 승진하다, 일을 그만두다, 운전면허를 따다, 청혼을 하다, 청혼을 받다, 아이를 낳다"
225,세종한국어3A,중급1,집과 집안일,이번에 이사를 할까 해요,-(으)ㄹ까 하다,~지만 않으면,,살고 싶은 집 말하기,,살고 있는 집 관찰하는 글 쓰기,이사,"부동산, 이삿짐 센터, 계약, 월세, 보증금, 이사가다, 이삿짐을 싸다, 이삿짐을 나르다/옮기다, 이삿짐을 풀다, 이삿짐을 정리하다, 집으로 초대하다, 집들이를 하다, 직장이 가깝다, 교통이 편리하다, 주변이 조용하다"
226,세종한국어3A,중급1,집과 집안일,나는 거실 청소를 할 테니까 넌 주방 청소를 해 줘,~고 나서,-(으)ㄹ 테니까,,룸메이트와 집안일 계획하기,,가족이 나눠서 하는 집안일 쓰기,집안일,"청소기, 세탁기, 걸레, 대걸레, 빗자루, 쓰레기통, 쓰레기봉투, 주방 세제, 세탁 세제, 고무장갑, 청소기를 돌리다, 세탁기를 돌리다, 설거지를 하다, 손빨래를 하다, 바닥을 쓸다, 바닥을 닦다, 빨래를 널다, 걸레질을 하다, 쓰레기를 버리다, 쓰레기통을 비우다, 먼지를 털다"
227,세종한국어3A,중급1,물건 교환과 수리,환불하려면 영수증이 필요합니다,~아/어 보니까,-(으)려면,,교환이나 환불 경험 말하기,,게시판에 교환이나 환불 요청 글 쓰기,교환과 환불,"구입하다, 결제하다, 카드로 계산하다, 현금으로 계산하다, 가격이 저렴하다, 디자인이 마음에 들다, 어울리다, 안 어울리다, 사이즈가 딱 맞다, 사이즈가 맞다/안 맞다, 흠이 있다, 끈이 떨어지다, 단추가 떨어지다, 망가지다, 교환하다, 환불하다, 팔이 좋아지다, 적응하다, 신분증, 신청서, 영수증, 그냥, 찢어지다, 유의 사항, 상품, 세탁, 이내, 가능(하다), 태그, 바가지 쓰다"
228,세종한국어3A,중급1,물건 교환과 수리,새로 사려다가 수리해서 쓰고 있어요,~잖아요,-(으)라다가,,고장난 물건 설명하기,,가전제품 문의 글 쓰기,고장과 수리,"고장이 나다,수리를 맡기다,서비스 센터,화면이 안 나오다,이상한 소리가 나다,소리가 안 나오다,바람이 안 나오다,액정이 깨지다,전원이 안 켜지다,인터넷 연결이 안 되다,전원을 켜다,전원을 끄다,플러그를 꽂다,코드를 뽑다,버튼을 누르다,수리비,수리하다,전체,새로,화를 내다,포기하다,벌써,낫다,바닥,달러"
229,세종한국어3A,중급1,기념일,여자 친구하고 만난 지 곧 3년이 돼,-(으)ㄴ 지,~자고 하다,,특별한 날 경험 말하기,,기념일 만들기,기념일; 기념일에 하는 일,"발렌타인데이,어린이날,세계 여성의 날,100일,1주년,어버이날,스승의 날,결혼기념일,부부의 날,성년의 날,근로자의 날,기념행사를 하다,기념일을 맞이하다,기념일을 챙기다,외식을 하다,꽃을 달아 드리다,이벤트를 준비하다,건강식품을 선물하다,상품권을 선물하다,케이크를 주문하다,재료"
230,세종한국어3A,중급1,기념일,한글날을 기념하기 위해서 여러 가지 행사를 한다고 해,~기 위해서,~아야겠다/어야겠다,,특별한 대회나 행사 경험 말하기,,후기 댓글 쓰기,국경일/기념일 행사,"국경일,3·1절,광복절,한글날,제헌절,개천절,참가를 신청하다,신청서를 작성하다,신청서를 제출하다,행사에 참가하다,대회에 나가다,예선을 통과하다,본선에 올라가다/진출하다,1등을/1위를 하다,상을 타다/받다,상금을 받다,상금을 주다,기념품을 받다,기념품을 주다"
231,세종한국어3A,중급1,감정과 건강,비가 오면 오히려 기분이 좋아지는데요,~아지다/어지다,-는/(으)ㄴ 대신에,,날씨에 따른 감정 변화 말하기,,우울할 때 하는 일 쓰기,날씨와 감정,"한여름,한겨울,무더위,장마,태풍,화창하다,폭죽 지다,선선하다,포근하다,우중충하다,우울하다,짜증 나다,답답하다,마음이 편안하다,마음이 가볍다,기분이 가라앉다"
232,세종한국어3A,중급1,감정과 건강,오늘은 일찍 들어가도록 하세요,~도록 하다,~아야/어야,,건강 습관 조언하기,,건강 비법 쓰기,증상 및 치료,"열이 나다,열이 심하다,기침을 하다,재채기를 하다,목이 붓다,배탈이 나다,눈이 충혈되다,두통이 생기다,충치가 생기다,피부가 간지럽다,손목을 삐다,발목을 삐다,연고를 바르다,파스를 바르다,냉찜질을 하다,온찜질을 하다,붕대를 감다"
233,세종한국어3A,중급1,즐거운 여가 생활,주말에는 집에서 쉬는 게 좋더라구요,~다 보면,~더라고요,,주로 하는 여가 활동 말하기,,일별 수업 계획 만들기,여가 활동의 장점,"스트레스가 풀리다,뿌듯한 기분이 들다,일상에서 벗어나다,생활에 활기가 생기다,쓸데없는 생각이 사라지다,새로운 사람을 만나다,기분 전환이 되다,성취감을 느끼다,자기 개발을 하다"
234,세종한국어3A,중급1,즐거운 여가 생활,이 영화를 꼭 보라고 추천하고 싶다,~는다/ㄴ다/다,-(으)라고 하다,,,,공연에 대한 글 쓰기;영화나 드라마 추천 글 쓰기,대중문화와 감상,"액션,멜로,코미디,사극,공포,콘서트,연주회,뮤지컬,비보잉,케이팝,대중가요,전통 음악,클래식,힙합,발라드,감동적이다,지루하다,손에 땀을 쥐다,연출이 뛰어나다, 연기가 뛰어나다, 인상적이다, 가슴이 찡하다, 기대에 못 미치다, 생생하다, 박진감 넘치다, 흥미진진하다, 조마조마하다, 뻔하다"
235,세종한국어3B,중급1,특별한 나의 경험,"할아버지, 할머니 이야기도 들어 드렸어요",~아도/어도,~아/어 드리다,,봉사 활동 경험 말하기,,재능 기부 글 쓰기,방학에 하는 활동,"봉사 활동을 하다,배낭여행을 가다,어학연수를 하다,시간을 알차게 보내다,아르바이트를 하다,외국어 시험을 준비하다,자격증 시험을 준비하다,인턴 활동을 하다,보람을 느끼다,잊지 못할 경험을 하다"
236,세종한국어3B,중급1,특별한 나의 경험,티켓을 구하는 게 쉽지 않았을 텐데 어떻게 구했어요?,-(으)ㄹ까 봐,-(으)ㄹ 텐데,,연예인 소개하기,,소감 쓰기,팬덤형 활동,"콘서트,공연,사인회,팬 미팅,표를 예매하다,표가 매진되다,팬클럽에 가입하다,기념품을 구입하다,단체 응원을 하다,커버 댄스를 추다,감동적이다,인상적이다,환상적이다"
237,세종한국어3B,중급1,음식과 요리,매운 음식을 진짜 잘 먹는구나,~거든요,~는구나/구나,,음식 선호도 말하기,,한국 음식 순위 정하기,맛과 식감,"시다,달다,쓰다,쓰다,짜다,맵다,달콤하다,부드럽다,얼큰하다,속이 쓰리다,싱겁다,입안이 얼얼하다,담백하다,먹기 편하다,바삭하다"
238,세종한국어3B,중급1,음식과 요리,채소부터 씻어서 썰어 놓자,~아/어 놓다,-(으)ㄴ 다음에,,조리 과정 설명,,나만의 요리책 만들기,조리 도구 및 조리법,"냄비,프라이팬,전기밥솥,칼,도마,그릇,접시,주걱,국자,가스레인지,전자레인지,과일을 깎다,달걀을 삶다,껍질을 벗기다,채소를 볶다,채를 썰다,감자를 튀기다,마늘을 다지다,생선을 굽다,만두를 찌다,차리다"
239,세종한국어3B,중급1,실수와 잘못,딴생각을 하다가 버스를 놓쳐 버렸어요,~자마자,~아/어 버리다,,실수 경험 말하기,,응원 메시지 쓰기,실수,"잊어버리다,잃어버리다,놓고 나오다,넘어지다,부딪치다,놓치다,떨어뜨리다,깨뜨리다,망가뜨리다,늦잠을 자다,지각하다,딴생각을 하다,한눈팔다,신제품,용돈,잠이 들다,망가지다,생활비,당분간,날아가다,비밀,돌아오다,다행히,금방,전화기,꺼지다,충전하다,심하다,최악,공포 영화,머리를 감다,그치다,꺼내다,장난을 치다,빨개지다,결국,어머"
240,세종한국어3B,중급1,실수와 잘못,제가 좀 참을걸 그랬어요,~았/었어야 했는데,,구개음화,사과 경험 말하기,,사과 메시지 쓰기,사과와 용서,"말실수하다,오해하다,후회하다,변명하다,사과하다,용서하다,화해하다,오해를 풀다,미안해요,죄송합니다,괜찮아요,사과 드리겠습니다,그럴 수도 있죠,불편을 드려 죄송합니다,신경 쓰지 마세요,대단히 죄송합니다,일부러 그런 것도 아니에요,실례가 많았습니다,실수한 건데요 뭘,앞으로 주의하겠습니다,싸우다,예전,참다,높임말,미루다,아끼다,말다툼,어려워하다,용기,절반,성공,정확, 해결하다,관계,입이 가볍다"
241,세종한국어3B,중급1,멋진 추카,캠핑을 같이 간다거나 친목 모임을 해요,~아/어 가지고,~ㄴ다거나/ㄴ니거나,,동호회 소개,,모집 안내문 만들기,동호회 활동,"동호회/동아리/소모임,마라톤,자전거,스키,와인,커피,맛집 탐방,캠핑,자동차,낚시,동호회를 만들다,회원들을 모집하다,회비를 내다,동호회에 가입하다,동호회에 나가다,모임을 하다,정보를 공유하다,인맥을 쌓다,친목을 다지다"
242,세종한국어3B,중급1,멋진 추카,일하느라고 바빠서 오랫동안 못 갔어요,~느라고,~기는요,,휴가 계획 말하기,,휴가 경험 쓰기,휴가,"관광지,휴양지,유적지,호텔,펜션,리조트,게스트 하우스,재충전을 하다,밀린 일을 처리하다,여유를 즐기다,볼거리가 많다,물가가 저렴하다,자연 경치가 뛰어나다,관광정보를 얻다,기념품을 사다,현지 문화를 체험하다"
243,세종한국어3B,중급1,한국에서의 특별한 날,두 사람이 많이 부러운 모양이에요,~는/ㄴ 모양이다,같이,,결혼식 선호 말하기,,결혼 문화 변화 글 쓰기,결혼,"연애하다,선을 보다,청혼하다,결혼하다,청첩장,결혼식,결혼식장,신랑,신부,전통 결혼식,축의금,주례,신랑 신부 입장,주례사,혼인 서약을 하다,축가,신랑 신부 행진,폐백을 드리다,피로연,신혼여행,식순,사회를 맡다,대회,상을 받다,화가 풀리다,활짝,따님,팬,낯설다,대부분,하객,웨딩 홀,종교 시설,사회자,하우스 웨딩,공공시설,예산,커플,신혼 살림,장가가다,시집가다"
244,세종한국어3B,중급1,한국에서의 특별한 날,떡국을 한 그릇 다 먹었더니 배가 불러요,~던데요,~았더니/었더니,,명절 소개,,설빔 만들기,명절,"설날,추석,정월 대보름,차례를 지내다,떡국을 먹다,송편을 먹다,오곡밥을 먹다,부럼 깨물기,세배를 하다,세배를 드리다,세뱃돈을 주다,세뱃돈을 받다,덕담을 하다,달맞이를 하다,소원을 빌다,윷놀이를 하다,씨름을 하다,새해 복 많이 받으세요,풍성한 한가위 보내세요,명절,무섭다,합격하다,결과,첫날,신청하다,두통약,신경을 쓰다,실력이 늘다,건강해지다,한과,그릇,배가 부르다,솜씨,댁,대표적,기념품,고유,맞이하다,풍습,진행하다,강의실,무료,널뛰기,연날리기,투호,선착순,당일"
245,세종한국어3B,중급1,나의 진로,자격증 준비나 외국어 공부도 미리 해 두면 좋을 거야,~아/어 가다,~아/어 두다,,취업 준비 이야기,,직장 조건 쓰기,취업,"신입 사원,경력 사원,직장 상사,직장 동료,적성에 맞다,이력서를 쓰다,자기 소개서를 쓰다,입사 지원서를 내다,면접을 보다,입사하다,승진하다,복지가 좋다,연봉이 높다,인턴십을 하다,자격증을 따다,경력을 쌓다"
246,세종한국어3B,중급1,나의 진로,한국으로 유학을 가려고 준비하는 중이에요,~기로 하다,~는 중이다,,유학 계획 말하기,,입학 신청서 쓰기,유학 준비,"유학을 계획하다,대학원에 등록하다,집을 구하다,유학원을 알아보다,비자 면접을 보다,등록금을 내다,유학 사이트를 검색하다,비자를 발급받다,생활비를 벌다,재학 증명서를 떼다,서류를 떼다,서류를 제출하다,학비를 지원받다"
247,세종한국어4A,중급2,나의 소망,여건이 된다면 외국에서 1년쯤 살아 봤으면 해요,~는다면/ㄴ다면/다면,~았으면/었으면 하다,,소원 말하기,,소망 목록 작성하기,소망,"세계 일주, 해외 봉사 활동, 캠핑카 여행, 패러글라이딩, 개인 방송 채널 만들기, 내가 살 집 짓기, 마라톤에서 끝까지 달리기, 세계의 맛있는 음식 다 먹어 보기, 외국에서 한 달 살기"
248,세종한국어4A,중급2,나의 소망,한 번쯤 가 볼 만한 곳이야,-(으)ㄹ 만하다,~인데,,장소 소개,,추천 글 쓰기,장소의 특징,"여유롭다, 이국적이다, 낭만적이다, 현대적이다, 활기가 넘치다, 색다르다, 신기하다, 역사가 깊다, 전망이 좋다, 촬영지로 유명하다"
249,세종한국어4A,중급2,새로운 소식,드디어 새 앨범이 나온대,~ㄴ대요/ㄴ대요/대요,"-네요, -(으)래요, -재요",,소식 전하기,,메시지 전하기,소식,"앨범이 나오다, 콘서트가 열리다, 영화가 개봉하다, 흥행에 성공하다/실패하다, 수상하다, 기부하다, 유행하다, 해외에 진출하다, 경제가 발전하다"
250,세종한국어4A,중급2,새로운 소식,폭설로 인해서 많은 피해가 발생하고 있습니다,-(으)로 인해서,-(으)면서 (게끼),,사고 경험 말하기,,신문 기사 쓰기,사건과 사고,"가뭄, 홍수, 폭발, 폭우, 폭설, 산사태, 전염병, 피해가 발생하다, 다치다/부상을 당하다, 실종되다, 죽다/사망하다, 부상자, 사망자"
251,세종한국어4A,중급2,유용한 정보,어떤 앱을 주로 사용하나면요,~나면,,,,,블로그 글 쓰기,인터넷,"검색하다/찾다, 업로드하다/올리다, 다운로드하다/받다, 설치하다, 복사하다/붙여 넣다, 댓글을 달다, 파일을 첨부하다, 아이디를 만들다, 클릭하다/누르다, 온라인 강의를 듣다, 화상 회의를 하다, 사이트에 가입하다"
252,세종한국어4A,중급2,유용한 정보,마늘은 면역력을 높여 줄 뿐만 아니라 암 예방에도 좋습니다,-(으)ㄹ 뿐만 아니라,~게 하다,,건강식품 소개,,효과 글 쓰기,식품의 효과,"뼈를 튼튼하게 하다, 소화가 잘되다, 시력을 보호하다, 체력을 보충하다, 피로 회복에 좋다, 암을 예방하다, 기억력을 향상시키다, 면역력을 높이다"
253,세종한국어4A,중급2,경험,버스가 흔들려서 넘어질 뻔했어요,-(으)ㄹ 뻔하다,아무 명사(이)나,,경험 말하기,,경험 글 쓰기,감정,"창피하다, 얼굴이 빨개지다, 얼굴을 들 수가 없다, 떨리다, 자랑스럽다, 보람을 느끼다, 당황스럽다, 깜짝 놀라다, 가슴이 두근거리다"
254,세종한국어4A,중급2,경험,가을이 되면 잘 익은 감이 주렁주렁 달렸다,~는/은/ㄴ 듯이,"피동(-이, -히, -리, -기)",추억 대화 듣기,,,묘사 글 쓰기,풍경,"그림 같다, 인상적이다, 배가 떠 있다, 마을이 한눈에 보이다, 사람들로 붐비다, 산으로 둘러싸이다, 고층 빌딩이 늘어서 있다, 좁은 골목이 이어져 있다, 푸른 들이 펼쳐져 있다"
255,세종한국어4A,중급2,방송과 영화,이번 주 방송 정말 볼 만하지 않았어?,~지 않아요?,~는다/ㄴ다/다라고요/다고요,,방송 소개,,소감 글 쓰기,감상과 평가,"신선하다, 유익하다, 교훈을 주다, 공감이 가다, 사회를 반영하다, 식상하다, 자극적이다, 상식을 쌓다, 위로를 주다, 영향력이 크다"
256,세종한국어4A,중급2,방송과 영화,주인공이 책상 위를 보다가 깜짝 놀라서 무엇인가를 찾기 시작하는 거야,~더니,~는/은 것이다,,장면 소개,,줄거리 만들기,줄거리,"우연히 마주치다, 새로운 인물이 등장하다, 갈등을 겪다, 행복한 결말을 맞다, 사라지다, 범인을 쫓다, 첫눈에 반하다, 오해가 생기다, 재회하다, 비극적으로 끝나다, 도망치다, 반전이 있다"
257,세종한국어4A,중급2,내가 사는 곳,저는 춘천에 대해 소개하겠습니다,-(으)로서,~에 대해서,,장소 소개,,자원 소개 글 쓰기,지역의 특징,"정치/경제/사회/문화의 중심지 역할을 하다, 교통의 요지이다, 공장이 모여 있다, 자원이 풍부하다, 일자리가 부족하다/풍부하다, 인구가 집중되어 있다, 환경이 쾌적하다, 사람들이 주로 농사를 짓다, 아름다운 자연을 자랑하다"
258,세종한국어4A,중급2,내가 사는 곳,한국에 대해 발표하자고 합니다,-(으)며,~고자 하다,,나라 소개하기,,글 쓰기,국가 소개,"민족, 상징, 종교, 기후, 주요 산업, 화폐, 면적, 언어, 정치 제도"
259,세종한국어4B,중급2,인물과 인상,뭐든지 적극적인 데다가 유머 감각도 있어요,~는/은/ㄴ 데다가,~든지,,성격 묘사하기,,친구 묘사하기,성격 1,"외향적이다, 내성적이다, 적극적이다, 소극적이다, 자신감이 있다, 자신감이 없다, 성실하다, 불성실하다, 책임감이 있다, 책임감이 없다, 급하다, 느긋하다, 유머 감각이 있다, 유머 감각이 없다"
260,세종한국어4B,중급2,인물과 인상,처음 만났을 때는 얌전한 성격인 줄 알았거든,~는/은/ㄴ 줄 알다,~던,,첫인상 묘사,,소개 글 쓰기,성격 2,"밝다, 어둡다, 얌전하다, 날카롭다, 부드럽다, 낯을 가리다, 차갑다, 고집이 세다, 자신감이 넘치다, 사교적이다"
261,세종한국어4B,중급2,후회와 고민,사업을 시작할까 아니면 회사에 취직할까 고민이야,-(으)ㄹ까/-(으)ㄹ까,~지 그래요?,,조언하기,,댓글 달기,고민거리,"진로를 정하지 못하다, 직장 생활이 맞지 않다, 업무량이 너무 많다, 인간관계가 어렵다, 미래가 불안하다, 경제적인 상황이 좋지 않다, 실력이 좋지 않다, 연애를 하고 싶다"
262,세종한국어4B,중급2,후회와 고민,그때 그 꿈을 포기하지 말았어야 했는데,~았/었어야 했는데,~있을/없을 텐데,,,후회 글 읽기,경험 쓰기,후회되는 일,"신중하게 결정하지 못하다, 최선을 다하지 못하다, 너무 쉽게 포기하다, 실수를 저지르다, 기회를 놓치다, 화를 참지 못하다, 부탁을 거절하지 못하다, 다른 사람에게 상처를 주다, 다른 사람의 시선을 너무 신경 쓰다, 다른 사람에게 잘해 주지 못하다"
263,세종한국어4B,중급2,다름과 같음,40대는 청소년들에 비해 결혼을 해야 한다는 응답이 많았습니다,~에 비해서,~아야지/어야지,,세대 차이 경험 말하기,,글 쓰기,세대,"아동, 청소년, 사춘기, 청년, 중년, 노인, 구세대, 신세대, 보수적, 개혁적"
264,세종한국어4B,중급2,다름과 같음,식당에서 직원을 어떻게 부르는지 알아요?,~는지/인지,~ㄴ다면서요?/다면서요?,,문화 차이 설명,,비교 글 쓰기,한국 문화,"웃어른을 존경하다, 정이 많다, '나'보다 '우리'를 중요하게 생각하다, 집 안에서 신발을 벗고 생활하다, 숟가락과 젓가락을 사용하다, 어른이 먼저 수저를 든 후 식사를 시작하다, 밥상에 반찬을 같이 놓고 먹다, 반말과 존댓말이 있다, 가족을 부르는 말이 다양하다, 소리 모양을 나타내는 표현이 많다, 지역 사투리가 있다"
265,세종한국어4B,중급2,기여하는 삶,저는 하늘길을 관리하는 일을 합니다,~는 데에,~다 보니,,업무 소개,,인터뷰 내용 쓰기,업무,"개발하다, 분석하다, 관리하다, 제작하다, 창조하다, 연구하다, 검사하다, 해결하다, 제공하다, 홍보하다"
266,세종한국어4B,중급2,기여하는 삶,삶에 대한 가르침을 줬다는 점에서 존경을 받습니다,~는다는/ㄴ다는 점에서,-(으)ㄴ 결과,,,존경받는 인물 읽기,소개 글 쓰기,업적,"세계 평화에 기여하다, 많은 사람의 생명을 구하다, 훌륭한 예술 작품을 남기다, 권리 보호에 앞장서다, 새로운 물건을 발명하다, 나라를 위기에서 구하다, 몸소 실천하다, 백신을 개발하다, 인간의 한계에 도전하다, 일생을 바치다"
267,세종한국어4B,중급2,변화하는 사회,갈수록 현금을 사용하는 사람들이 줄어들고 있습니다,~을수록,~으나,,사회 변화 설명,,그래프 해석 글 쓰기,변화,"늘어나다, 줄어들다, 증가하다, 감소하다, 달라지다, 변화하다, 점점, 급격히, 꾸준히"
268,세종한국어4B,중급2,변화하는 사회,저는 인터넷에서 상품을 사야 한다고 생각해요,~ㄴ다고/ㄴ다고/다고 생각하다,,현실 발음 (한자어 경음화),의견 말하기,,댓글 달기,찬성과 반대,"찬성하다, 동의하다, 반대하다, 맞다, 틀리다, 적절하다, 부적절하다, 장점이 있다, 단점이 있다, 부작용이 생기다"
269,세종한국어4B,중급2,새로운 시작,10년 후엔 행복한 가정을 이루고 있지 않을까 싶어요,~지 않을까 싶다,~기보다는,,계획 말하기,계획 글 읽기,,인생 계획,"진학하다, 독립하다, 입사하다, 창업하다, 도전하다, 가정을 이루다, 출산하다, 아이를 기르다, 은퇴하다, 노후를 보내다"
270,세종한국어4B,중급2,새로운 시작,벌써 졸업을 한다니! 믿기지가 않습니다,~는다/ㄴ다/다니,~기를 바라다,방송 듣기,소감 말하기,,,심정과 소감,"믿기지 않다, 그립다, 아쉽다, 홀가분하다, 시원섭섭하다, 눈물이 앞을 가리다, 꿈만 같다, 마음이 설레다, 마음이 따뜻해지다, 몸 둘 바를 모르겠다, 걱정이 앞서다, 부담스럽다"
